screen_name,text,sentiment
erehhhyeagerdes,@insecuryoume gojek sini bro,netral
rivierawrrr,@menulisau aduh jd ngebayangin abang gojek naik binatang gt,netral
menulisau,@rivierawrrr di sana ada gojek ga,netral
menulisau,@rivierawrrr gojek dan gorok??,netral
mazeruney,@biukiehls @MyDamnStuffs Website jual beli dibawah naungan gojek kakk. Udah pasti amannğŸ¥°,netral
bertanyarl,"tanyarl my little happiness today hihiâœ¨
ini diskonnya dapet dari gojek nya sendiri https://t.co/O4JWbDod6m",positif
bertanyarl,"Aku di tgr, ada bibi d tgr juga tp jarak tempuh 45mnt an di gojek 50rb an
Kesana ga ya ? Tanyarl",netral
bertanyarl,tanyarl lebih sering pake grab / gojek,netral
kooracle,tetangga gw kambingnya dianter pake gojekğŸ˜­ğŸ˜­ https://t.co/Ls30rCcowx,netral
awholejimin,@seokjwini keren bgt gojek dah sampe ke korea,netral
after_day1,"@TimMarbun Konteks kedua indonesia memang bukan tempat terbaik buat peneliti seperti indra.
Konteks 1 kalau gk mau pulang, gk  akan ada gojek, ruangguru, dan lain lain :(.",negatif
reymeldaimel,"@jwitasken apaan aku pake masker naik gojek ditanya ""kuliah/kerja dimana kak?""â˜ºï¸ğŸ™",netral
kristhiankevin,"Baru inget ini Idul Adha, ga ada gojek pagi-pagi ğŸ˜…",netral
indomiegaenak,"@agannyi @dpasaribu00 Yuhuu~ yang mau minum jamu bisa banget pesen di IG @official_jamuma atau di shopee nya https://t.co/zsLntYhXzf
Pengiriman Via Gojek/Grab/Lalamove sameday dan instant dari Cibubur yaa~",netral
Lana088574101,"Udhlah Nana diem di rumah aja,yg masak Lula,nganter cateringnya pake gojek aja kan amann,inget Na ada junior di dalem kamu #BHSIEps288",netral
twitttluv,Mau brangkat pkl tpi gojek lgi gabisaa:(,negatif
imsleepieaf,@jogmfs Cek di gojek aja kan bisa???,netral
Muchmuslim1,@gojekindonesia @NadimMakarem Tidak ada pendaftaran gojek driver buat marak oknum gojek buka lewatjalur suap memyuap!!!?! Pemerintahan apa ini??,negatif
Muchmuslim1,@gojekindonesia kenapa tifak ada pendftran gojek driver .membuat marak oknum mintain uang pendaftaran,negatif
Muchmuslim1,@gojekindonesia kapan pendaftaran di buka kembali sebagai driver gojek goride dan gocar???,negatif
Muchmuslim1,@gojekindonesia Saya sudah daftarkan ratusan warung untuk jadi gabung di mitra usaha gojek .tp saya daftar akun goride kok malah kena tipu org . Tega banget saya freeland aktipkan warung warung se banyumas purbalingga dan banjarneGAra .tolong lah buatkan akun goride untuk saya,negatif
Muchmuslim1,@gojekindonesia ini adalah oknum gojek indonesia yg minta uang sebaGAi uang pendaftaran jadi mitra go ride https://t.co/HDwFz7p9VI,negatif
Muchmuslim1,@gojekindonesia marak oknum gojek minta uang pendaftaran karena pendaftaran driver di tutup,negatif
espyroment,"ğŸ¥º Hehe, bye workout, hi mamang gojek https://t.co/OVqXiW8Bup",netral
thesonpost,"Beda gaya founder startup global sama lokal :

Jeff Bezos mundur dari CEO setelah amazon jadi big profitable tech
Begitu juga dengan Jack Ma.

Ahmad Zacky mundur dari CEO saat Bukalapak masih rugi.
Nadiem Makarim mundur dari CEO saat gojek masih
#IPO
#bukalapak
#BigTech",negatif
anggieprtw,"Makin tua makin mellow, liat video tiktok abang gojek yg jaga prokes pas positif sampe dia negatif padahal udah vaksin 2x bikin mewek. Dia gk nyalahin vaksin, malah bilang jadi cepet sembuhnya. Kan gua rimbaaaayy",positif
fiscxhil,gw semalem mimpi ke inazuma pake gojek,netral
unagiinuuu_,@bogorfess_ halodoc bisa dari apknya langsung atau dari gojek sama grab health,netral
bogorfess_,[bgr] gbisa pulang kerja hiks gaada gojek kalo pake grabcar asa aneh kalo sndiriğŸ˜­ğŸ˜­ğŸ˜­ğŸ˜­,negatif
bogorfess_,[bgr] aplikasi yg buat sharing sma dokter teh apa yaa trus nanti teh dikasih resep obat trus dibeliin nya sma gojek/grab?,netral
Alejandro5173,"@VinoKocheng iyaa hahaha. pokoknya mau jd siska kohl, bukan siska prank gojek",netral
bonhappyeur,tidur apaan tadi kayak naik gojek dari rumah ke sekolah 15 menit doang,netral
Bucinkoriyah,"Story today
Jam 2pagi tdi lilikku gedor2 rumh kenapa? Papa masuk rumh sakit. Astaga kaget bgt mana masih pusing jga kan bgun tidur blm kumpul nyawanya. Trs ibu nelpon aku kudu ke rs. Tpi gk ada yg nganterin motornya dibawa kan. Trs bersyukur bgt pesen gojek 2 kli",netral
lvlyp2,"udh nunggu gojek 10 menit tbtb di cancel, lu gila ya bang",negatif
lvlyp2,yaallah udh pusing dpt gojek masnya mana bau bgt yaallah maaf tp beneran udh PUSINGGGG,negatif
KediriFess,Cah cara daftar jadi driver grab/gojek gmn ya? Ada yang tau?,netral
KediriFess,Cah enek sing ngerti bakulan oxymeter nang Kediri sing iso dikirim lewat gojek/grab? URGENT ğŸ™,netral
evawngelion,Kang angkat galon n elpiji sama gojek https://t.co/iKhDJtPc8q,netral
enditaKS,"lupa bgt kl hari ini lebaran, belum beli bahan masakan apa apa trs skrg bingung nnti nyokap bokap sarapan apa huf, semoga nnti di gojek ada makanan yang bukağŸ¥ºğŸ™ğŸ¼",netral
lebah_madurasa,"@eclairedelange 7 lagi apaan???ğŸ¤¦ğŸ¤¦ğŸ¤¦ğŸ¤¦ Trus gimana? Aku pingin naik gojek ke rumahmu deh kak, trus intip laptop, trus aku pulang dg tenang. ğŸ˜©ğŸ˜©ğŸ˜©",netral
herlinarina842,@UmarChelsea_75 X aja mau kirim qurbanan om pake gojek ğŸ¤­..met idul adha pa umar,netral
auroraaabcd,@kaniasaja79 Nanti kalo udah dipasang di grab gojek aku info yaa,netral
auroraaabcd,@bblackaddict Kalo ga salah nanti mau dipasang di grab gojek juga,netral
kaniasaja79,@auroraaabcd Masuk grab / gojek?,netral
stevanfun,kangen masa dimana tiap hari minggu bela belain jam 12 siang naik gojek/busway ke kokas buat ibadah di jpcc jam 2 siang,netral
GojekTomohon,"Makan tanpa masak ? #GoFood-in Aja Download #Gojek sekarang, nikmati #HidupTanpaBatas bersama #GojekTomohon",netral
GojekTomohon,"Kirim orderan OL-shop lancar tanpa ribet ngantar, #GoSend solusinya. 
Download #Gojek dan mulai #HidupTanpa ##HidupTanpaBatas #GojekTomohon",netral
GojekTomohon,"Hallo Tomohon
Kini Gojek telah hadir di Kota Tomohon, satu aplikasi untuk segala kebutuhanmu. Download #Goj ##HidupTanpaBatas #GojekTomohon",netral
GojekTomohon,"Kini Gojek telah hadir di Kota Tomohon, satu aplikasi untuk segala kebutuhanmu.
Download #Gojek dan mulai # ##HidupTanpaBatas #GojekTomohon",netral
GojekTomohon,"Anter barang tanpa repot ? #GoSend-in Aja, dan mulai #HidupTanpaBatas dengan #Gojek follow kita ya di GojekTomohon, kaka",netral
GojekTomohon,"Malam2 habis pulsa ? #GoPulsa-in Aja Download #Gojek sekarang, nikmati #HidupTanpaBatas bersama #GojekTomohon",netral
GojekTomohon,"Kenyang tanpa masak ? #GoFood-in aja
Download #Gojek dan mulai #HidupTanpaBatas di Tomohon ##HidupTanpaBatas #GojekTomohon",netral
GojekTomohon,"Hallo Tomohon Kini Gojek telah hadir di Kota Tomohon, satu aplikasi untuk segala kebutuhanmu",netral
GojekTomohon,"Laper tanpa pusing cari parkir, #GoFood jadi solusinya Download #Gojek sekarang, nikmati #HidupTanpaBatas bersama #GojekTomohon",netral
GojekTomohon,"Download #Gojek di Playstore/Appstore, mulai #HidupTanpaBatas dengan #Gojek  follow kita ya di GojekTomohon",netral
GojekTomohon,"Kehabisan pulsa tanpa susah, #GoPulsa jadi solusinya  Download #Gojek sekarang, nikmati #HidupTanpaBatas bersama #GojekTomohon",netral
GojekTomohon,"Pake #Go-Ride, lebih dekat dan lebih mudah
Download #Gojek, dan mulai #HidupTanpaBatas di Tomohon ##HidupTanpaBatas #GojekTomohon",netral
GojekTomohon,"Malam2 laper tapi males keluar ? #GoFood-in Aja Download #Gojek sekarang, nikmati #HidupTanpaBatas bersama #GojekTomohon",netral
GojekTomohon,"Laper tapi mager ? #GoFood-in Aja, dan mulai #HidupTanpaBatas dengan #Gojek follow kita ya di GojekTomohon, kaka",netral
GojekTomohon,"Jualan lancar tanpa ribet ngantar, #GoSend jadi solusinya  Download #Gojek sekarang, nikmati #HidupTanpaBatas bersama #GojekTomohon",netral
GojekTomohon,"Kemana aja tanpa susah, #GoRide solusinya Download #Gojek sekarang, nikmati #HidupTanpaBatas bersama #GojekTomohon",netral
GojekTomohon,Jalan2 tanpa repot ? #Goride-in Aja mulai #HidupTanpaBatas dengan #Gojek follow kita ya di GojekTomohon,netral
zegenern,"ï¸ï¸
ã…¤ã…¤ã…¤gojek (gofood, gosend, dll.)
â½ https://t.co/590RJBx2mq
 ï¸ï¸",netral
win4winie,"Aku lagi nyari barengann nih nunggu 5 orang. Ada go nya dom tangsel rate 13.1 

Tags mark agent mark silat renjun boring renjun gojek chenle candylab jisung candylab haechan cafe chenle cafe jisung cafe jeno holo standee https://t.co/HAoe71Pqhv",netral
AurellJs,@luckybigwin149 @RobbyKarem @Sabrina_lulizaa @adiluckyman @Oktafiansah75 Naik gojek um...biar gak capek..ğŸ™ğŸ»ğŸ™ğŸ»ğŸ˜,netral
cuvple,@bbyrdvlvt kalo abang2 gojek udh beristri gmna,netral
Hudat161,"@13ndteloo_ saya dulu pas masih aktif gojek, kalo pas lewat sana terutama malam... agak ngeri dan penasaran pgn noleh, emang dalane yo sepi",netral
betterfangs,udh kesel gojek kesel kucing... eh segala ada kecowa terbangğŸ˜­ğŸ˜­ğŸ˜­ kasian dara https://t.co/MjREjLky1v,netral
HRJ027,@renleejung LOHHH CONGRATSSSS CORET GOJEK ğŸ¥³ğŸ¥³,positif
ryujinphilee,Gojek lama amat,negatif
ryujinphilee,Gue gak nemu ketoprak yang buka di gojek,netral
prxipoideus,"Hari ini lebaran ? Anjrit ntar pagi ada gojek yang mau ngambil orderan gua ngga ya :""))))))))",netral
_cindyw,Hadeh pdhal td jam 7 dah ktduran segala ditelpon sodara w blg ad gojek makanan ke rumah w jd kebangunğŸ¥² tp makasih deh cheese sticknya enak bun,netral
skydream_29,GUE NGIDAM BANGET RENJUN GOJEK BOOM ğŸ˜­ğŸ˜­ğŸ˜­ğŸ˜­,netral
Gojekmilitan,"Asalamualaikum
Sahabat Gojek Militan

Semoga Semua Sahabat Dilimpahkan Rezeki, Rahmat dan Hidayahnya 

Aamiin Ya Robb ğŸ¤² https://t.co/NE78tkXmg6",positif
Gojekmilitan,"Alhamdulillah

Terimakasih Untuk Semua sahabat Gojek Militan yang Sudah mendoakan dan Menyisihkan Rezekinya Untuk membantu biaya sekolah tahun Ajaran baru Panti Asuhan Daarul Khoir Al Kailani 

Semoga Berkah dan Bermanfaat Untuk anak kita 

Aamiin Ya Robb 

Selamat buka puasa ğŸ™ https://t.co/OfN6tyK7HO",positif
Gojekmilitan,"Asalamualaikum

Terimakasih untuk semua Sahabat Gojek Militan yang sudah Mendoakan dan mendukung Program berbagi bersama Yatim dan Dhuafa jumat tgl 16/07/2021

Mohon keikhlasannya untuk berdoa bersama Anak2 Dipanti Al Hayya 

Semoga Doa anak- anak Diijabah 

Aamiin Ya Robb ğŸ¤² https://t.co/f5Wb9N8REm",positif
Gojekmilitan,Yayasan Sahabat Gomil Peduli Yatim Berdiri bukan karena akun gojek militan tetapi berdiri karena Doa dari sahabat semuanya dan Doa anak Yatim dan Dhuafa karena Yayasan ini bukan sengaja dibuat tetapi diberikan Gratis semua biaya pengurusannya sampai semua berkasnya untuk ponpes https://t.co/FELHpuhrXy,positif
Gojekmilitan,"Setelah sebelumnya Kita sudah membagikan Beras sebanyak 5,4 Ton/1800 kantong  dan bantuan dari bang @Tony_HeXa  untuk mendapatkan berasnya untuk warga berdampak PPKM

Semoga  Sahabat Gojek Militan yg sdh Mendoakan dan mensedekahkan Rezekinya mendapat keberkahan

Aamiin ya robbğŸ¤² https://t.co/PtEuQDOr0R",netral
Gojekmilitan,"Asalamualaikum

Sahabat Gojek Militan

Kami menerima  penyaluran Hewan Kurban untuk Dipanti Asuhan dan warga sekitar panti, ada tujuh panti yang tersebar di bogor, depok dan jaksel 

Saluran melalui rekening 
Bank BRI  
094601051607532
Yayasan Sahabat Gomil Peduli Yatim https://t.co/Bc51ZQcLfH",netral
Gojekmilitan,"Asalamualaikum
Sahabat Gojek Militan

Semangat berkurban untuk kita semua. Jadikan hari raya ini pengingat untuk memperkuat keimanan dan persahabatan kita 

Kami Panti Asuhan Al Hayya Mengucapkan Selamat Hari Raya Idul Adha 1442 H 

Semoga Keberkahan untuk kita Semua 

Aamiin https://t.co/jo71oy1EGW",netral
Gojekmilitan,"Asalamualaikum
Sahabat Gojek Militan

Semoga berkah Ilahi membawa harapan, iman, dan sukacita pada Idul Adha hari ini dan selamanya

Selamat Idul Adha 1442 H, mohon maaf lahir dan batin ğŸ™

Salam dari Kami Santri Panti Asuhan Sakinah Depok 

Kita takbiran disini ya ğŸ‘ https://t.co/1A5Fw0NAsY",netral
Diegukguk,@FADHOOR Kui sing nakoni serius po gojek,netral
bebytokyo,@triifirman Wkwkwkwkwk kasian bapak gojek sama grab sama maxim sama tukang paket kalo mau anter paket,netral
embunputeri_,"@amalliaaf yo kan perjalanane jauh gamungkin jalan pelan"" kaya gojek :((",negatif
tr_hrynto,@lerkudz daftar gojek,netral
cilordylas,"@bertanyarl pernah di kosan ga ada makanan, mau ngambil duit jg saldo kurang, mau gojek tp bingung soalnya belum ditf takut ga cukup buat besok, akhirnya memutuskan buat tidur aja alias skip makan",netral
ahsanadia,"kalo udh lama ga naik gojek ama grab bisa dong nulis

ex-gojek
ex-grab",netral
renleejung,@pooktie Selkor nya mo naik haji deh kayanya :( Kemaren juga liat rj gojek 290k di sellkor ğŸ¤§ itu pc sama album sealed malah mahalan pc nya hhh,negatif
nvaarx,mobil / gojek https://t.co/2eOE8MH2yR,netral
dreeammies,100. gojek https://t.co/35RjzUh99C,netral
n0ireneptunia_,@sashahahahah_ Bang gojek?,netral
abllykece,"w/ rara, kita nge gojek dlu gaiss nguengg https://t.co/n91VbX6i7J",netral
giriganan,ad sapi didpn rumah tbtb treak GOJEK,netral
mognday,@jihovon @Junlkyu owh kak jihoon gojek kah? :3,netral
Aiim10525331,@putrisaamita Abang gojek,netral
indomiseleramuu,"dl pas smp kan gua naik angkot trs ke sekolahnya blm tau gojek tu, trs everyday ketemu sm cowo w lupa sekolahnya dimana, kek bnr2 brg trs everyday tp saling eye contact doang kan wkwkwk",netral
brmstiadi,"Gojek sama Tokopedia jadi GoTo, ini Bibit sama Bank Jago kudunya jadi Bigo dong ya https://t.co/0dL7iZFoSj",netral
jzacksen,@kwrstall @mutualanbase pulang mah pulang tinggal pesen gojek,netral
milkybroun,"@gojekindonesia halo min, saya mau hapus akun gojek gimana ya?",negatif
tyxngfq,"@wawahyuckx babang gojek nya udh pd tidur, gaada yg anter",negatif
strawberryckes,"@halfiemoon uhuy, mas gojek siap jemput neengg.",netral
yllbhpp,"""kok nganter gopudnya berdua?""
""iya nih penumpangnya gmau turun""
-kata mang gojek
me: ğŸ™‚ğŸ™‚ğŸ™‚",netral
yllbhpp,"tkt sii, nanya jalan ke gojek, dia malah bilang ""nanti aja bareng sy teh, sy ngirim dl gofud"" trs ak bilang ""oh iya sok"" trs aku kabur, pdhl mgkn niat dia baik biar aku ga nyasarğŸ™ƒ",netral
wahjoeeeee,@tam4rbakGulung trus yg dateng abang gojek,netral
silpiwww,padahal bawa motor tapi gua pesen gojek buat nganterin gua pulang jalanan gelap banget takutğŸ˜­ğŸ¥²,netral
kanjcut,"Gak bales dm:

Spam chatâŒâŒâŒâŒâŒâŒ
Chat dari gojekâœ”ï¸âœ”ï¸âœ”ï¸âœ”ï¸âœ”ï¸âœ”ï¸âœ”ï¸âœ”ï¸âœ”ï¸âœ”ï¸ https://t.co/h4SAI0WYWE",netral
jmochieth,@bertanyarl kambing naik gojek https://t.co/ICWOnmtnos,netral
aslinyagalak,@sslipshood_ tar ku titip abang gojek,netral
aslinyagalak,@aangdul ini gojek apa grab kak,netral
Miaraats,"Wah wah siap siap gojek kerumah lu anter chatime ye wkakak

Jgn lupa di bayar abangnya https://t.co/pZoQVOYrSG",netral
hourlykoogi,"@ncheemy Coba kalo ga ada gojek, lu udah gelar tenda",positif
alaakeifak,@citmahs Gw ngirim nya lewat gojek apa grab nih ğŸ˜‚,netral
lembayungsnja,@FOODFESS2 Kalo ppkm gini sih mungkin harus lewat grab/gojek,netral
Nabumsiw,@e4rthmixx Otw ni pake gojek,netral
resikotinggii,@o_r_v_y ğŸ˜‚ğŸ˜‚ tuu kan.. njir gw ke gojek,netral
Lelavalava,"Masalahnya ni Gojek gabisa dicancel bangsat. Sistemnya ngerugiin customer banget bangsat bangsat kesel gue ğŸ™‚ @gojekindonesia  

Udah sering ya kek gini. 
Driver ngeghosting, tapi customer juga gabisa cancel. Customer disuruh mampus nungguin makanan gitu?",negatif
rshaquillee,hidup itu harus di jalanin kalo cape gojek aja,netral
nnajaeminiest,"@wooymoung @ruefulrd @scrumpissue @annaclst ada bukti tweet yang menyebutkan ""gausah jajan"" ğŸ˜€ğŸ‘ taunya mesen gojek juga",netral
kyleydm_,@bvbblegvnn iya lumayan jauh si tempatnya tapi kek tetep aja kesel kl ongkir mahal tu mana kl pesen lewat gojek harganya lebih mahal di tempatnya asliny 13k eh di gojek 18.500 jauh kan ya,negatif
CHIFKALONG,"hidup itu berjalan kalo capek ,naik gojek.",netral
poyooyoo_,"Jadi semacam surprise gituu, tiba"" dateng bapak gojek di depan rumahnya dan bilang ""kak ini ada gosend dari temannya""",netral
matcha_lah,@manusiagoa__ gojek in aja,netral
Junlkyu,@jihovon @Hyuknsuk Kaya gojek kata gue.,netral
Junlkyu,@mognday Mau makan ap nanti dianter gojek @jihovon,netral
Nan4d0,@fluryhe4rt W kirimin pake gojek yh ke kutubğŸ›µğŸ“¦ ngengg,netral
byeongari_14,@12O1OO4 gojek,netral
callmeplease67,Laper tapi pada tutup :( mau gojek ongkir e naudzubillah,negatif
chocolatyaa,@RickyAdiet Hahaha iya.. dulu jaman gojek awal2 pun jg masih suka takut malah diculik tp dlm waktu 3 taun skrg semua lebih aman naik gojek drpd naik angkot wakaka,netral
hi_sgjm,"Mau boncengin kamu enan sayang, tar Iki jadi kang gojek siap siaga buat nganterin kamu cantik ğŸ˜Œ https://t.co/E7JPLo8ZKZ",netral
twantO_,"@siptebe otw. pesen gojek dlu, biar ada temen di jalan",netral
amoeroso,@JuudaimeH pernahny mau buka spotify tp kepencet gojek,netral
bbriiwiinn,@teerangbulan pke gojek ya,netral
sergholic,@gojekindonesia minta jaket gojek dong min,netral
sergholic,"idup emang pait, kalo di jalanin lebih pait, makannya naik gojek aja",netral
dvyounggiix,@blossomjjh gojek,netral
dvyounggiix,@dawawaw gojek aja,netral
HendriD75,"@gojekindonesia alahhh taii gojek asuuu
Ganti nomor aja dipersulittt udah ada bukti KTP minta disuruh inget kapan terakhir isi gopay anjingg , udh 1thn ngga loginn suu mana ingat gue pesan apa aja di gojek bangsattt",negatif
woffmark,@echanfucker ga ada gojek yang suaranya ngengg ngengg,netral
chcomilkshk_,"@gojekindonesia min sy kan msih ada gopay, tpi gojek nya sllu g bisa kebuka krna harus bkin pin dulu. Sdngkan nmr sy yg di gojek udh mati, jdi gmn ya min?",netral
widyadewiprb,"@ArnoldPoernomo Positif thinking, mereka gojek yg lg ambil pesanan org yg lg isoman chef",netral
fuzzyface___,@clynophi_ Abang gojek:(,netral
SunHigh11,@nohuruharaclub Saking jauhnya mungkin Abang gojek kelaperanğŸ¤£ğŸ¤£,netral
ilygorou,@akvtagcwa gojek terus pas duit abis langsung panik,negatif
ccutiemarkeu,"@bbrownsgr biar ga serem gini aja, gojek nya elo kasi sayap sp tau bisa terbang terus sat set sat set sampe dirumah w ğŸ˜‹ğŸ˜‹",netral
grumpyykid,@bbyrdvlvt Msa aku klo mw naik gojek tnya dulu mas mas nya single apa gxxx ğŸ˜©,netral
gilb_erttt,@goofyyhoney Ndak ada gojek aku aja antar in rendangnya kerumah tunggu depan!ğŸ¥°,netral
FaRiD21863471,@BundaAiz88 Bentar say.. order GoJek dulu buat ngirimnya..,netral
b00bacuote,@sbyfess la kon ngejak pacaran ta daftar gojek kok ono syarat minimum barang,negatif
b00bacuote,@crushinakudong laiku ate golek pacar tah ate daftar gojek kok ono syarat minimal barang,negatif
AnandaaSP,"@nabilanggitae hahahahaha

pake helm gojek juga ampuh banget ğŸ¤£ğŸ¤£",netral
nisciken,@athayanai Engga tau sih tapi itu promo gojek gopay,netral
hartakaruneri,@anakgantenggggg @aylikebunny @assummwin @ykhunn @peachiessky @GrabID Lah si Abang gojek nya berkhianat,negatif
jihanhrvn,Membuatku ingin apus aplikasi gojek ganti grab ajağŸ˜¤ğŸ˜¤ capekk bangett gaada tanggapannya padahal dah jelas jelas saldo atm dah berkurangğŸ™„ğŸ™„,negatif
hourgreen,@ecapost Daerah gue bukan yg terjangkau sama gojek/grab wkwk,negatif
UNSfess_,-11fess aplikasi gojek kalian lemot gasi? apa cuma gw doang,negatif
mcfluffyw,Ih ini gojek gua knp lama bgt sii ğŸ˜”,negatif
natjaemie,@GOBYSAR ada yang mau sharing ga? aku mau take rj gojek ğŸ˜©,negatif
gojekindonesia,"@anchamow Hai, mohon maaf sebelumnya. Terkait untuk perubahan nomor telepon kamu agar dapat kami bantu, silakan kamu mengirimkan email ke customerservice@go-jek.comÂ dengan menggunakan email yang terdaftar pada akun Gojek kamu ya. Terima kasih^Ari",negatif
amhvrx,Ihh disini g bisa akses gojek ğŸ˜”,negatif
fadriaa,Seneng banget nemu makanan ala ala gini deket rumah. Makasih abang gojek https://t.co/uKXxnfqOY1,positif
jienozlee,@heftboozie wkkwkwkw please disini ga ada gojek,negatif
diherdiansyah,"@gojekindonesia Top up gopay malem kemaren nih, tepatnya tgl 18/07/2021. Biasanya langsung masuk ini engga dong udah di cek apps gojek nya belom masuk, nah gw kaget cek saldo atm lagi ternyata sudah kepotong. Sampe skrg saldo belum masuk. ""Jangan khawatir ya"" mau khawatir gmnağŸ¤£ https://t.co/ZPADZsKf3J",negatif
kanbeedaisuke,"Gak peduli sama keributan diteel, yang aku inginkan sekarang adalah ngajak ribut tukang ketoprak yang di grab buka, eh di gojek malah tutup ğŸ˜­ğŸ˜­ğŸ˜­",netral
hahanip,"@gojekindonesia Saya gatau lagi harus minta tolong kemana. Mengajukan perubahan data pemilik mitra usaha tapi ga selesai2. 
1. Email udah 6hari. 
2. Via bantuan app udah 3hari.
3. Telp call center gojek minta dialihkan ke 021-1500171 tp gabisa dihubungi.
Harus gimana ??? https://t.co/7fhGHrdmvi",negatif
DavidHarun5,@gojekindonesia Maju terus Gojek Indonesia ğŸ‘,positif
RHanantariksa,"Baru hari ini donlod apliksi gojek yg tak kira bakalan gak pentingÂ² bnget karena aku orngnya budalan tok (mending berngkat sendiri), eh ternyata di saat pndemi sperti ini aplikasi ini lah yg bisa diandalkan untuk berbagi. Tnks babang ojol jangan lupa jaga kesehtan ğŸ’ª",positif
jaeours,"@baseumum grab, gojek sekarang mahal ongkirnya. tapi tergantung promo juga sih",negatif
jaeours,"@kefilag @baseumum iya siii, tapi ongkirnya gojek tuh mahal tau ğŸ˜­ğŸ’”",negatif
istri_shxxbi,"dah lahh ğŸ’” ga ongkir shopee, ga ongkir gojek, dapetnya mahall mulu ğŸ˜” https://t.co/6TbiCOHyav",negatif
ayhusnaR,Makasih bapa2 gojek yg mau nganterin obat2 buat pasien isoman ğŸ¥º,positif
kefilag,"@jaeours @baseumum mjb, tapi grab harganya lebih mahalan dikit sari gojek ga sii ğŸ˜­",negatif
aisahdewi87,"â€œGopay di blokir tanpa sepihak dan tidak ada tanggung jawabâ€

Thread
Pada tgl 13 juli gopay saya di blokir tnpa sepihak oleh pihak gojek dan tdk ada konfirmasi apapun, sdh sekian kali sya komplain melalui twitter, email, instagram maupun telpon lgsung ke cs tdk ada tndk lnjutnya",negatif
vtube_advertise,@gojekindonesia Dear @gojekindonesia saya mau menutup permanen akun gojek sy,negatif
vtube_advertise,@gojekindonesia @24O36 Tolongggg.. non aktifkan akun gojek saya.. dear @gojekindonesia ğŸ˜·ğŸ˜·ğŸ˜·ğŸ˜·ğŸ˜·ğŸ˜·,negatif
xxxiseyo29,@gojekindonesia halo saya beli pulsa 3 di gojek pula 50rb bonus 50rb tapi kenapa bonus nya gak masuk2 ya???,negatif
aangdul,"@gojekindonesia Dobel masker, bawa handsanitizer, cuci tnagan dnegan air mengalir dan sabun, jaga jarak serta tentunya beli makan menggunakan Gojek ğŸ˜ #ProteksiEkstra",positif
Arjerrr_,"Hari ini mau berterima kasih sama kang Gojek &amp; Grab, udah bisa anterin bolak balik ngurus barengâ€ yg mau dikirimğŸ˜ seharian kerjaannya urusin ini dri siang sampai jam segini baru kelarğŸ˜Š jngan lupa bersyukur gaisğŸ™ https://t.co/dBSLGGxs2w",negatif
bukanhanako,@hyuuniversal Gojek wangy wangi wangiğŸ˜£ğŸ’•ğŸ’•,positif
inguskumeler,"@gojekindonesia 1. Pake masker
2. Pasti jaga jarak
3. Cuci tangan dengan sabun
4. Menghindari kerumunan
5. Bayar apa pake gopay(cash less), bayar aman tanpa kontak fisik
6. Kurangi mobilitas, lebih sering gofood dari pada makan diluar. Selain membantu umkm jg bantu driver gojek #ProteksiEKSTRA",positif
choisoojunn,"@jayeonra Banyak nemu di komen base, di tiktok juga kalo cewe yg suka nebeng tmn cowonya tuh gatel, gapunya duit buat gojek apa:( sejujurnya emg punya sih tp aku emg anti kapitalis mikirnya mending uangnya buat jajan makanan daripada bayar gojek mahalğŸ˜­ğŸ˜­ğŸ˜­",negatif
ikaqodriya,"nanges beneran orang pada baik2 ya Allah terimakasih. bantuin ini itu, saudara temen on guard 24 jam, even pak gojek ramah2 bgt kalo nganter barangğŸ˜­ 

special thanks to this @Mitapratistaa hwe dan kawan lain yg ga folo2an twitter wkaka. luv.",positif
Aleksandryax,@FOODFESS2 Maxim coba nderr aku pernah coba kalau di Jogja apalagi pas Grab atau Gojek mahal banget,negatif
BastardRick,"@babyppu666 @Shaloooms bgst ko gue kesel bacany ğŸ™ğŸ¼
cathering nya gojek y",negatif
istrinyaexo12e,@AnisKholilah1 Punya gojek gak kak?,netral
jiihoonrp,@johnnyjsah Pake gojek ya hyung biar amanâ˜ºï¸ğŸ‘,positif
rrrmdn,"@pybpya hidup itu berjalan, kalo capek naik gojek aja",netral
bibieee____,@bertanyarl yang sering dipesen digrab/gojek?,netral
ErvanHaris,Sering.. Pas oleh penumpang arek wedok ğŸ˜… #gojek https://t.co/hRwmll1bVn,netral
Andrew_rmdhni,@butteroreoo Tinggal gojek ğŸ™ƒ,netral
Undetected____,"@baeeeKr Buka kok, tapi ga bisa dine in aja, emng enak terus rame juga sih. ada di gojek sm shopee juga. Iya gua biasanya beli sore atau Maghrib.",netral
korelisma,@semburatbiru Gojek lah.,netral
zaahtuun,"coba kantor dkt ya, pgn makan ini juga ğŸ˜­ knp bukanya malem doang ğŸ˜­ mau gojek mahal ongkir hahaha tp yg rebus gk mngkn jg bisa digojekin ğŸ˜” https://t.co/S4jOh9OoDy",negatif
teuamoe,"maaf ngotorin tl kalian

GUE BETE BGT AMA GOJEK",negatif
elyasiscaa,"hari ini harus istirahat lebih awal, capek jg nunggu abang abang grab sama gojek didpn rumah.",negatif
creamy14lop,"pengennya dibeliin males bgt keluar rumah soalnyaaa, gojek grab jga gada di daerah akuuu suckkk banget",negatif
anecdoch,@nggamainrp Oke gua pesen gojek dulu,netral
Daryhar,gojek sby harga ongkir nek turun kek main crypto njir,negatif
JimmiTujuh,Bangsat gua order terbul 3x di gojek ditolak mulu..,negatif
hafizhPI,Benci bgt ppkm di app gojek nya buka pas didatengin driver tutup. Jembut,negatif
GodOfLust666,@gakadagunanya_ Gojek mcd yuk?,netral
alviomunt,punya rumah nyempil dr peradaban susahnya kl gojek mahal diongkirğŸ¥²,negatif
aimer_riska,"Inisiatif #SEMANGATNAKES dari Gojek Diapresiasi Menkes Budi Gunadi
https://t.co/wFLE0o0Vo7 https://t.co/Ltjfr3GRZC",positif
dwichepo,"Pagi ini melihat rasa terimakasih yang tulus dari seorang seorang driver gojek setelah dikasih sebotol air mineral sama pelanggannya...

Sekali lagi dapet contoh hal kecil bagi kita bisa berarti besar bagi orang lain",positif
sapingeong,naik gojek terus parfum abangnya wanginya kaya parfum siapaaa gitu lupa aroma siapa yg mana,positif
d00nghyuckk,pak gojek makasih yağŸ¥°ğŸ¥° https://t.co/U2pqdQauY9,positif
d00nghyuckk,MAKANAN GUWEE DATENGG MAKASIH MUAH MAS GOJEK PDHL MALEM BGTTT MUAH LOVEEEğŸ¥ºğŸ¥°ğŸ¥°ğŸ¥°ğŸ˜”ğŸ˜”ğŸ™ğŸ™ğŸ˜½ğŸ˜½ğŸ˜½ğŸ˜˜ğŸ¤«ğŸ¤«ğŸ˜°ğŸ‘ŒğŸ˜šğŸ˜šğŸ˜šğŸ¤ğŸ¤ https://t.co/cUu2tauvqJ,positif
Dendelion060819,"@gojekindonesia Kalo aku selama pandemi ini sangat membatasi kegiatan di luar rumah (buat yang ngga terlalu mendesak). Aku ngandelin Gojek &amp; merchant rekan Gojek buat memenuhi kebutuhan harian.
Masih rajin cuci tangan &amp; ngga lupa selalu maskeran ğŸ˜·ğŸ‘ğŸ‘ğŸ‘
#ProteksiEkstra https://t.co/tgObWPi3a8",positif
David_Wijaya03,"Tanpa Gojek, sulit untuk memenuhi kebutuhan di era PPKM Darurat... @LuwitaEmilly46 @RD_4WR1212 @heniunique @yarachantique @SinthaS5
https://t.co/sT1XYdDMYC",positif
David_Wijaya03,"Salam hormat gue untuk Gojek... Memberikan inisiatif #SemangatNakes yang berjuang melawan pandemi... Wajar dapat apresiasi dari Menkes Budi Gunadi... @NgkongRoses @Nusantaraku01 @ahhbabysya @ahmad_bellamy @_leonSR_ @Bon9kar_Politik
https://t.co/6wz2PC2154",positif
David_Wijaya03,Tetap semangat untuk kawan-kawan Gojek dalam mencari rezeki.... @pengarang_sajak @Tonga_Nixon @LuwitaEmilly46 @RD_4WR1212 @_SEKNAS_RI https://t.co/Kvqe0H9uZV,positif
David_Wijaya03,"Masya Allah Tabarakallah... Salut dengan mitra Gocar Bandung seperti ini... Berhati mulia... @kurawa
https://t.co/XefNGfdrfu",positif
berdoyoung,makasih gojek ğŸ§ğŸ»â€â™€ï¸ https://t.co/IsTBKrVLJs,positif
FebriPuspa98_,"Buka grap, gojek, shopeefood tidak ada menu yang menarik",negatif
ecimochi614,Diskonnya gak maen2 ğŸ˜­ğŸ˜­ makasih gojek kau menyelamatkan dompetku https://t.co/2HY3534qCI,positif
ggkyu,@intothreeam WKWKW makasih gojek telah menyemangati ğŸ¥´ğŸ‘ğŸ»,negatif
hipotensii,Mau pindah ke shopeefood aja. Di gojek  aplikasinya aja kena biayağŸ¤£ğŸ¤£ https://t.co/5LTtua86At,negatif
Beritasatu,Ekosistem Digital Gojek Semakin Luas dengan Ekspansi ke Singapura dan Vietnam https://t.co/r2MmfYgBWv https://t.co/ySmdtro00q,positif
blankoncoklat,"Insyaa Alloh inilah kerja &amp; karya NYATA. Jadi pelajaran bagi kita utk bisa berbuat yg sama. Terima kasih GOJEK ğŸ™ğŸ¤ğŸ‘ğŸ‘

Yth, bpk @BudiGSadikin 
@antaranews 
https://t.co/GqPP56dgqz",positif
BambangMoelyadi,"Bantu Keberlangsungan Bisnis UMKM GoFood Diapresiasi Menkop UKM Teten Masduki.

Salut sama Gojek dan Mitra-mitranya di lapangan. 
@gorengan_27 @inr_rey @Kamso_1 
https://t.co/esmAyRrhpw",positif
Agungkenzo,"@3Le4N012 Parah banget asli gak sesuai tulisan di menu bantuan.. 
Gue udh sampe swab lg di klinin yg berbayar buat dapetin suratnya biar bisa cpt2 lapor ke gojek trus akun aktif eh percuma ternyata ğŸ¤¦â€â™‚ï¸
Malah jadi hampir sebulan ga narik gojeknya klo gini! https://t.co/0BzJ42BSPS",negatif
aacaannn,@GrabID makasih gojek kamu paling perhatian disini jd syg deh,positif
Dheachokyu,YEAYYYSSS Alhamdulillah ada yg balikin dong dompetnya makasih mas gojek semoga sehat selalu dan lancar rezekinya dan selalu dilindungin Allah terimakasih orang baik â¤â¤,positif
EllaZefa,@detikcom Wah bagus nih jadi aku Dan customer merasa Aman dan lebih nyaman menggunakan jasanya.  Makasih ya jek gojek ğŸ¤­,positif
weedstern,payah banget nih admin gojek slowresp mana udah dimention berkali2 ga direspon. salut sama admin grab sih sekali dimention pasti dibales.,negatif
valenfinotuju,@grabXgojek iya makasih ceo grab x gojek,positif
ArifudinNur71,"@GrabID Berterimakasihlah kepada Grab dan Gojek, karna masih sangat setia melayani kebutuhanmu, dimanapun dan kapanpun anda menbutuhkan bantuannya dia akan datang tepat pada waktunya, salam Grab sehat selalu...",positif
Dreamy091_,"@dapurmujib Aku nek nduwe yang montore nek gak shogun, supra x, supra astrea, vega. Gak tau sing sing ğŸ˜‚

Tapi luwih setia Mas Gojek sih ğŸ˜Œ",positif
maafyasyg,Sumpah baru kali ini nemu abang gojek wangi bgt njirr kyk kerja kantoran.,positif
tuupiituup,"Hari ini lengkap sudah, mulai dari diapeli mas-mas paket, abang gojek sama abang grab, terima kasih yaa âœ¨",positif
tisyapm,"Lg pontang panting pgn extend day off tp gamau sabbatical, minggu ini dibolehin ngerjain task yang technical doang, trs senin-selasa kantor libur. Lagi-lagi terima kasih Allah dan Gojek ğŸ’–âœ¨ğŸŒ»",positif
masmassimpel,@bertanyarl Enak gojek sih,positif
sfratuf,@bertanyarl Gojek,netral
DE0NIXC,@bertanyarl gojek,netral
jeonnsjk,"@bertanyarl blm pernah pake grab si, udh terlanjur nyaman sm gojek wkwk",positif
yourboyghe,"@bertanyarl Gojek, UI nya enak",positif
priciouis,@bertanyarl Gojek murah,positif
nyyyyyyyyyyys,@bertanyarl tim gojekğŸ’— gojek emg ter thebest si,positif
zhyslova,gojek baik bangett https://t.co/saRfa5r0Zc,positif
sweetyjooniee,"seneng banget hari ini ketemu orang pada happy vibe semua, mulai kasir alfa yg bilang hati2 + ""have a nice day mbak"", bapak gojek ramah, ibu2 baik pas td antri vaksin. Meskipun dah capek jam 5 berangkat ke polres trus dapet vaksin nya jumat tgl 23, seengganya gk bad mood lah yağŸ˜",positif
bancelas,"@gojekindonesia Tetap dirumah aja min, keluar kalau hanya ada kebutuhan mendesak seperti beli kebutuhan pokok.. Galupa selalu menggunakan masker dan jaga jarak pastinya. Ohya Salut banget buat gojek, kemaren naik gojek drivernya nyediain hand sanitizer, salut!! #ProteksiEkstra",positif
abdullatief_20,@JK_Daulay Salut banget ane ame driver gojek eniğŸ‘,positif
onillecram_idoj,Ongkir gojek jadi mahal banget anjir :(,negatif
whaTdoucares,"tadi lagi dijalan buat beli makanan, terus di motor tiba"" mikir, merenung kayak udah setahun lebih kita ngadepin pandemi ini dan kalo dipikir"" dengan baik yang nolong kita tuh bapak/ibu gojek bukan pemerintah, pemerintah cuma ngebuat peraturan terus nyuruh kita buat patuh.",positif
twinklelilstawr,@orenjixnimong Bastian gojekğŸ˜£,netral
rurizaaaa,Kenapa gojek skrg susah bgt ya hadeh,negatif
coklaatkejuu,"kemarin waktu di jogja, pesen makan lewat gojek dan terharuu karna driver nya baik baikk bgttttğŸ¥ºğŸ¤©",positif
tiaradpny,"alhamdulillah gopay udah direfund sama gojek dan halodoc. yaudahlah ya obatnya raib tah kemana, human error juga sih. gangerti juga bapak gojeknya ngapa begitu. mudah2an kedepannya lebih baik lagi ğŸŒ¼",negatif
flippingvalve,"Ini yang gak ada di negara lain, sifat gotong royong tolong menolong.

Salutlah ya sama abang gocarnya. 
@DianaAurora96 @b_yoem @CanWidodo 

https://t.co/HI4gVRHSq9",positif
gemasamsara69,Customer gojek emng terbaik. Dikasih masker sma tas buat belanjaan buat ngebantu bapak kerja katanya. ğŸ¥° https://t.co/SUPYzqWto0,positif
aewin86,"@MamiaAja Karena sudah ada surat Tilang, argumen bisa disampaikan saat sidang. 

Memang tdk ada kewajiban taro kursi di atas meja. Ke depan (untuk yang lain juga) ada baiknya di kursi yang diperuntukan untuk menunggu gojek/kastemer take away bisa ditulis 

""khusus utk pelanggan take away""",netral
hiimyourcat,@gojekindonesia min di gojek bisa pesen makanan kucing ga ya?,netral
budhiasty,@inganggita Gojek babi panggang ah ntar sore,netral
marissaputri,"Apa faedahnya membandingkan persentase tingkat vaksinasi antara Ibukota dan nasional? Udah jelas lebih tinggi lah lu akses naik angkot, gojek, mobil, transjakarta gampang, distribusi vaksin juga lebih gampang ğŸ¤£ https://t.co/nEErdeRr3A",netral
ZRiuswrn,"Tadi pagi naik gojek trus dia nanya masih kuliah atau gimana, trus gue bilang ""saya perawat pak"", trus bapaknya langsung kaget gitu bilang ""wuihh, semangat ya!"" Aaaa terharu :""(",positif
daisyminusoneee,Gua masih marah kenapa gojek ga bisa sampe sini?!,negatif
leemnhyng,@preciousJH17 Serem banget plis kalo gojek sampe salah pencet soalnya kalo udh di konfirmasi sama tokonya ga bisa di cancel,netral
danhadzami,"@akunbaiknih Gojek. Menurut gue, tanpa iklan pun orang udah pasti pake gojek. Indomie dan pertamina bisa juga.",positif
addictedooo,"tadi naik gojek, bapaknya baik banget.... ngajak becanda mulu haha terus jd keinget papağŸ˜“",positif
dewiblablabla,"Hari ini 2x pesan gojek di Bojonegoro, bisa2nya driver yg sama.
Tuhan baik sih, jd ga usah susah2 jelasin lagi ğŸ˜… #thesmallestthings",positif
omatbellamy,@banggaber Alhamdulillah langganan gojek saya tadi bilang habis swab udah negatif dan udah sembuh dari covid. Alhamdulillah bisa anter lagi langganan kerja dan bisa kebagian rezeki lagi karna orderan sepi. Alhamdulillah Allah Maha Baik,positif
kimforeverr,@Kang_Cutloss Grupnya gojek si terbaik. Belum jg IPO dah kasi cuan luber. Mana ampe harganya ga bisa ketebak ampe kw berapa wkwkw,positif
haszniagustina,"Abis ngeliat video yg d share muti di story wa. Merinding bgt dan iri sama mbak2nya baik bgt sama abang gojekğŸ˜­ selain itu abang gojeknya pas di tanya mau apa, malah nanya â€œkalau buat anak apa ya mbaâ€ HUAAAA nangeeesğŸ˜­ l",positif
xyeorobun,"Tiap hari ada aja yg nyantelin makanan dinpagar ğŸ™ğŸ˜­
Barusan di wa bapak gojek lagi.

Bahkan skrg buat makan tiap hari dimasakin sama ibu"" dawis ğŸ™ Alhamdulillah warga sini baik baik. Tau aja yg isoman blm kuat kalo harus masak sendiri. https://t.co/Gmvhstoa1I",positif
bukanliaitzyy,@ubdkho Masa2 gojek membakar uangğŸ¤£ kangen weh aku juga banyak vocer duluu,netral
ayasehh,"wkwkwk sebel banget ma gojek orang jawa tuh selalu nanya patokannya pake mata angin wkwk kagak pahimm kitee :""""))",netral
nanaduakali,@zweitsonic Vq lagi pusing kaga dapet-dapet gojek,negatif
RismaAg6,"@gojekindonesia Min ini kenapa gopay saya dibekukan dan di blokir tanpa ada konfirmasi masalahnya kepada saya, saya minta ke profesional nya kepada pihak gojek untuk kembali mengaktifkan gopay saya https://t.co/1nKVbIbz9U",negatif
Kristoff_id,"@gogogojyu bapak gojek, orderan gw dari pagi di cancel sama banyak driver.",negatif
tarotdadnate,"@gojekindonesia halo, gojek cash out bermasalah nih dari kemarin pending. kembalikan saldo gopay saya. https://t.co/AiVCIdJAll",negatif
NcuhiRiwo,"ini banyak terjadi, dan memang rawan bermasalah. makanya sejak ada order makanan via gojek atau grab saya sekeluarga ragu dan gapernah, karna takut hal2 kayak gini. Kecuali makanan dari restoran yg sudah kami tau alamat dan menunya hal, higen dan baik. https://t.co/QKSocMDpiU",negatif
atta_kailana,gojek lagi baik ngasi diskonnya https://t.co/cyKxxJJYx9,positif
bukangeisah,@firdaaafaa mahal gojek,negatif
yanskii25,"PPKM nyebelin banget, temen ai kan jadi WFH gojek juga jadi mahal bener",negatif
emmarchive_,"gojek gamau ada di wonosobo nih? aplikasi sebelah pelit diskon, ongkir mahal, sistemnya jg ga banget",negatif
siramanrohaniy,@piyiolet Gaada STPR nya kan kerumah wkwkwk hh nau naik gojek jg mahal trs gabisa lewat jalan protokol kan harus jalan tikus,negatif
HYJ4E,"@cutieesun Pen gue samper, ongkos gojek mahal",negatif
BasicPewds,gojek knp mahal siğŸ¥² sy laper tp nda mau keluar hiks,negatif
lailyy_,"Pulang malam, naik gojek
Bapak gojek menawarkan untuk aku cari makan sekalian
Aku iyain tp pilih tempat agak rame dan dibungkus
Ah ternyata bapaknya emang baik
Malah dikira aku makan di tempat :""
Dilebihin tidak mau, beliau ikhlas. Malah kasihan sm aku soalnya capek, laper ğŸ˜­ https://t.co/0yWghbNnRw",positif
witha_vee,Ini gua yang semakin miskin apa emang gojek jadi makin mahal ya?,negatif
anggunan,"Bicara soal ojol emg gjk/grab ada +/-nya. Sampai skrg w condong ke gojek, loyalty programnya (go glub) gila2an vouchernya dan kerasa bgt stlh naik ke status juragan ga ada busy hour fee ğŸ˜Š",positif
blvckarchee,@shiikaaas Gojek udah gk asik skrng gak banyak promonya hahaha,negatif
shiikaaas,Parah sih promo gojek ada di weekend doangg,negatif
ditaajeng96,"Kadang make gofood, gomed, gosend itu bukan karena males tapi pengen bantuin mas mas gojek juga
Semoga segala sesuatu berangsur membaik ya â¤ï¸",positif
gerledek,Terima kasih gojek~ https://t.co/GPrdItWrpI,positif
adunkz,"@NetflixID min, saya kok ga bisa update payment yah? di gojek ama di Netflix udah saya ganti nomernya tapi di Netflix saya ga bisa edit gopay saya :(
trs di aplikasi @gojekindonesia kok ga ada kolom pembayaran Netflix? https://t.co/dnIJOv4G1G",negatif
PacarnyaAsensio,"Kasian cowo gue, kerjaannya ditutup 2 minggu grgr ppkmğŸ¥º terus gak digaji jugağŸ¥º dan besok mau coba gojek lagi buat cari pemasukan. Semangat!!!",positif
jefryna,"@gojekindonesia waduh kecewa banget nih sama gojek indonesia, masa beli gofood makanannya kurang mana udah bayar pakai gopay lagi, bisa refund ga ya pesenan yang ga dateng?",negatif
modebodoamat,"@dsuperboy Pas naik gojek ga bawa helm trus janjian sama temen mau ke bandung kota, karna ga bawa helm pas nanti janjiannya, jadi we dipinjemin helm sama mang gojeknya, sosweet banget",positif
kingqhades,"resiko tinggal di kota kecil ya mall cuma 2 itupun satu lagi mau bangkrut. dibandingkan sama mall di luar, lebih kumuh dan jelek. variasi grabfood dikit bngt, belum ada gojek, mahal jg ongkir nya sialan.",negatif
LenyApa,"@dsuperboy Buru2 mau bimbingan skripsi, gojek udah di depan rumah, saking gugupnya langsung jalan aja, udh setengah jalan baru ngeh, skripsinya ketinggalan dong, balik lagi akhirnya, pas bayar mau dikasih dobel gamau, katanya sesuai tarif ajaa, merasa bersalah bangetttğŸ˜­, tp makasih pak!",positif
txtdarimbul,"@bdngfess masih kan PPKM sampai tgl 20 kakak...  Tukang gojek punya jalan alternatif kok, asal patuhi prokes yaaa masuk Kota Bandung nya.",positif
